userName,userPassword
user001,1
user002,1
user003,1
user004,1
user005,1
user006,1
user007,1
user008,1
user009,1
user010,1
user011,1
user012,1
user013,1
user014,1
user015,1
user016,1
user017,1
user018,1
user019,1
user020,1
user021,1
user022,1
user023,1
user024,1
user025,1
user026,1
user027,1
user028,1
user029,1
user030,1
user031,1
user032,1
user033,1
user034,1
user035,1
user036,1
user037,1
user038,1
user039,1
user040,1
user041,1
user042,1
user043,1
user044,1
user045,1
user046,1
user047,1
user048,1
user049,1
user050,1
user051,1
user052,1
user053,1
user054,1
user055,1
user056,1
user057,1
user058,1
user059,1
user060,1
user061,1
user062,1
user063,1
user064,1
user065,1
user066,1
user067,1
user068,1
user069,1
user070,1
user071,1
user072,1
user073,1
user074,1
user075,1
user076,1
user077,1
user078,1
user079,1
user080,1
user081,1
user082,1
user083,1
user084,1
user085,1
user086,1
user087,1
user088,1
user089,1
user090,1
user091,1
user092,1
user093,1
user094,1
user095,1
user096,1
user097,1
user098,1
user099,1
user100,1
user101,1
user102,1
user103,1
user104,1
user105,1
user106,1
user107,1
user108,1
user109,1
user110,1
user111,1
user112,1
user113,1
user114,1
user115,1
user116,1
user117,1
user118,1
user119,1
user120,1
user121,1
user122,1
user123,1
user124,1
user125,1
user126,1
user127,1
user128,1
user129,1
user130,1
user131,1
user132,1
user133,1
user134,1
user135,1
user136,1
user137,1
user138,1
user139,1
user140,1
user141,1
user142,1
user143,1
user144,1
user145,1
user146,1
user147,1
user148,1
user149,1
user150,1
user151,1
user152,1
user153,1
user154,1
user155,1
user156,1
user157,1
user158,1
user159,1
user160,1
user161,1
user162,1
user163,1
user164,1
user165,1
user166,1
user167,1
user168,1
user169,1
user170,1
user171,1
user172,1
user173,1
user174,1
user175,1
user176,1
user177,1
user178,1
user179,1
user180,1
user181,1
user182,1
user183,1
user184,1
user185,1
user186,1
user187,1
user188,1
user189,1
user190,1
user191,1
user192,1
user193,1
user194,1
user195,1
user196,1
user197,1
user198,1
user199,1
user200,1
user201,1
user202,1
user203,1
user204,1
user205,1
user206,1
user207,1
user208,1
user209,1
user210,1
user211,1
user212,1
user213,1
user214,1
user215,1
user216,1
user217,1
user218,1
user219,1
user220,1
user221,1
user222,1
user223,1
user224,1
user225,1
user226,1
user227,1
user228,1
user229,1
user230,1
user231,1
user232,1
user233,1
user234,1
user235,1
user236,1
user237,1
user238,1
user239,1
user240,1
user241,1
user242,1
user243,1
user244,1
user245,1
user246,1
user247,1
user248,1
user249,1
user250,1
user251,1
user252,1
user253,1
user254,1
user255,1
user256,1
user257,1
user258,1
user259,1
user260,1
user261,1
user262,1
user263,1
user264,1
user265,1
user266,1
user267,1
user268,1
user269,1
user270,1
user271,1
user272,1
user273,1
user274,1
user275,1
user276,1
user277,1
user278,1
user279,1
user280,1
user281,1
user282,1
user283,1
user284,1
user285,1
user286,1
user287,1
user288,1
user289,1
user290,1
user291,1
user292,1
user293,1
user294,1
user295,1
user296,1
user297,1
user298,1
user299,1
