groundTitle,groundContent
gound001,goundContent001
gound002,goundContent002
gound003,goundContent003
gound004,goundContent004
gound005,goundContent005
gound006,goundContent006
gound007,goundContent007
gound008,goundContent008
gound009,goundContent009
gound010,goundContent010
gound011,goundContent011
gound012,goundContent012
gound013,goundContent013
gound014,goundContent014
gound015,goundContent015
gound016,goundContent016
gound017,goundContent017
gound018,goundContent018
gound019,goundContent019
gound020,goundContent020
gound021,goundContent021
gound022,goundContent022
gound023,goundContent023
gound024,goundContent024
gound025,goundContent025
gound026,goundContent026
gound027,goundContent027
gound028,goundContent028
gound029,goundContent029
gound030,goundContent030
gound031,goundContent031
gound032,goundContent032
gound033,goundContent033
gound034,goundContent034
gound035,goundContent035
gound036,goundContent036
gound037,goundContent037
gound038,goundContent038
gound039,goundContent039
gound040,goundContent040
gound041,goundContent041
gound042,goundContent042
gound043,goundContent043
gound044,goundContent044
gound045,goundContent045
gound046,goundContent046
gound047,goundContent047
gound048,goundContent048
gound049,goundContent049
gound050,goundContent050
gound051,goundContent051
gound052,goundContent052
gound053,goundContent053
gound054,goundContent054
gound055,goundContent055
gound056,goundContent056
gound057,goundContent057
gound058,goundContent058
gound059,goundContent059
gound060,goundContent060
gound061,goundContent061
gound062,goundContent062
gound063,goundContent063
gound064,goundContent064
gound065,goundContent065
gound066,goundContent066
gound067,goundContent067
gound068,goundContent068
gound069,goundContent069
gound070,goundContent070
gound071,goundContent071
gound072,goundContent072
gound073,goundContent073
gound074,goundContent074
gound075,goundContent075
gound076,goundContent076
gound077,goundContent077
gound078,goundContent078
gound079,goundContent079
gound080,goundContent080
gound081,goundContent081
gound082,goundContent082
gound083,goundContent083
gound084,goundContent084
gound085,goundContent085
gound086,goundContent086
gound087,goundContent087
gound088,goundContent088
gound089,goundContent089
gound090,goundContent090
gound091,goundContent091
gound092,goundContent092
gound093,goundContent093
gound094,goundContent094
gound095,goundContent095
gound096,goundContent096
gound097,goundContent097
gound098,goundContent098
gound099,goundContent099
gound100,goundContent100
gound101,goundContent101
gound102,goundContent102
gound103,goundContent103
gound104,goundContent104
gound105,goundContent105
gound106,goundContent106
gound107,goundContent107
gound108,goundContent108
gound109,goundContent109
gound110,goundContent110
gound111,goundContent111
gound112,goundContent112
gound113,goundContent113
gound114,goundContent114
gound115,goundContent115
gound116,goundContent116
gound117,goundContent117
gound118,goundContent118
gound119,goundContent119
gound120,goundContent120
gound121,goundContent121
gound122,goundContent122
gound123,goundContent123
gound124,goundContent124
gound125,goundContent125
gound126,goundContent126
gound127,goundContent127
gound128,goundContent128
gound129,goundContent129
gound130,goundContent130
gound131,goundContent131
gound132,goundContent132
gound133,goundContent133
gound134,goundContent134
gound135,goundContent135
gound136,goundContent136
gound137,goundContent137
gound138,goundContent138
gound139,goundContent139
gound140,goundContent140
gound141,goundContent141
gound142,goundContent142
gound143,goundContent143
gound144,goundContent144
gound145,goundContent145
gound146,goundContent146
gound147,goundContent147
gound148,goundContent148
gound149,goundContent149
gound150,goundContent150
gound151,goundContent151
gound152,goundContent152
gound153,goundContent153
gound154,goundContent154
gound155,goundContent155
gound156,goundContent156
gound157,goundContent157
gound158,goundContent158
gound159,goundContent159
gound160,goundContent160
gound161,goundContent161
gound162,goundContent162
gound163,goundContent163
gound164,goundContent164
gound165,goundContent165
gound166,goundContent166
gound167,goundContent167
gound168,goundContent168
gound169,goundContent169
gound170,goundContent170
gound171,goundContent171
gound172,goundContent172
gound173,goundContent173
gound174,goundContent174
gound175,goundContent175
gound176,goundContent176
gound177,goundContent177
gound178,goundContent178
gound179,goundContent179
gound180,goundContent180
gound181,goundContent181
gound182,goundContent182
gound183,goundContent183
gound184,goundContent184
gound185,goundContent185
gound186,goundContent186
gound187,goundContent187
gound188,goundContent188
gound189,goundContent189
gound190,goundContent190
gound191,goundContent191
gound192,goundContent192
gound193,goundContent193
gound194,goundContent194
gound195,goundContent195
gound196,goundContent196
gound197,goundContent197
gound198,goundContent198
gound199,goundContent199
gound200,goundContent200
gound201,goundContent201
gound202,goundContent202
gound203,goundContent203
gound204,goundContent204
gound205,goundContent205
gound206,goundContent206
gound207,goundContent207
gound208,goundContent208
gound209,goundContent209
gound210,goundContent210
gound211,goundContent211
gound212,goundContent212
gound213,goundContent213
gound214,goundContent214
gound215,goundContent215
gound216,goundContent216
gound217,goundContent217
gound218,goundContent218
gound219,goundContent219
gound220,goundContent220
gound221,goundContent221
gound222,goundContent222
gound223,goundContent223
gound224,goundContent224
gound225,goundContent225
gound226,goundContent226
gound227,goundContent227
gound228,goundContent228
gound229,goundContent229
gound230,goundContent230
gound231,goundContent231
gound232,goundContent232
gound233,goundContent233
gound234,goundContent234
gound235,goundContent235
gound236,goundContent236
gound237,goundContent237
gound238,goundContent238
gound239,goundContent239
gound240,goundContent240
gound241,goundContent241
gound242,goundContent242
gound243,goundContent243
gound244,goundContent244
gound245,goundContent245
gound246,goundContent246
gound247,goundContent247
gound248,goundContent248
gound249,goundContent249
gound250,goundContent250
gound251,goundContent251
gound252,goundContent252
gound253,goundContent253
gound254,goundContent254
gound255,goundContent255
gound256,goundContent256
gound257,goundContent257
gound258,goundContent258
gound259,goundContent259
gound260,goundContent260
gound261,goundContent261
gound262,goundContent262
gound263,goundContent263
gound264,goundContent264
gound265,goundContent265
gound266,goundContent266
gound267,goundContent267
gound268,goundContent268
gound269,goundContent269
gound270,goundContent270
gound271,goundContent271
gound272,goundContent272
gound273,goundContent273
gound274,goundContent274
gound275,goundContent275
gound276,goundContent276
gound277,goundContent277
gound278,goundContent278
gound279,goundContent279
gound280,goundContent280
gound281,goundContent281
gound282,goundContent282
gound283,goundContent283
gound284,goundContent284
gound285,goundContent285
gound286,goundContent286
gound287,goundContent287
gound288,goundContent288
gound289,goundContent289
gound290,goundContent290
gound291,goundContent291
gound292,goundContent292
gound293,goundContent293
gound294,goundContent294
gound295,goundContent295
gound296,goundContent296
gound297,goundContent297
gound298,goundContent298
gound299,goundContent299
gound300,goundContent300
